{
  "accuracy": [
    0.4102787375450134, 0.5374564528465271, 0.5905923247337341,
    0.6302264928817749, 0.6842334270477295, 0.7238675951957703,
    0.7565330862998962, 0.7713414430618286, 0.7935540080070496,
    0.8061846494674683, 0.8231707215309143, 0.8140243887901306,
    0.8305749297142029, 0.8562718033790588, 0.8601916432380676,
    0.8858885169029236, 0.9011324048042297, 0.9102787375450134,
    0.9046167135238647, 0.9359756112098694, 0.9416376352310181,
    0.9303135871887207, 0.9429442286491394, 0.9381533265113831,
    0.9385888576507568, 0.9486062526702881, 0.9429442286491394,
    0.9416376352310181, 0.943379819393158, 0.9464285969734192
  ],
  "loss": [
    3.8498194217681885, 1.0519925355911255, 0.9116196036338806,
    0.7942551374435425, 0.7058664560317993, 0.6376798152923584,
    0.5742128491401672, 0.537481427192688, 0.4814664125442505,
    0.45523715019226074, 0.43295857310295105, 0.4163340628147125,
    0.38703423738479614, 0.343332976102829, 0.3320065140724182,
    0.2693008780479431, 0.24446584284305573, 0.2214226871728897,
    0.21324677765369415, 0.15497058629989624, 0.14663465321063995,
    0.15099403262138367, 0.13991765677928925, 0.1487230658531189,
    0.14160653948783875, 0.13295046985149384, 0.1368006467819214,
    0.13607431948184967, 0.1319786012172699, 0.13551731407642365
  ],
  "val_accuracy": [
    0.5400696992874146, 0.6167247295379639, 0.7142857313156128,
    0.7595818638801575, 0.792682945728302, 0.8310104608535767,
    0.796167254447937, 0.8501741886138916, 0.7874564528465271,
    0.8397212624549866, 0.8275261521339417, 0.8675957918167114,
    0.8658536672592163, 0.8588849902153015, 0.8693379759788513,
    0.8815330862998962, 0.8641114830970764, 0.897212564945221,
    0.8989546895027161, 0.900696873664856, 0.9059233665466309,
    0.907665491104126, 0.9094076752662659, 0.9024389982223511,
    0.9094076752662659, 0.907665491104126, 0.9059233665466309,
    0.9059233665466309, 0.9059233665466309, 0.904181182384491
  ],
  "val_loss": [
    1.1121315956115723, 1.0064079761505127, 0.7459136247634888,
    0.666300356388092, 0.5333437323570251, 0.4853013753890991,
    0.5103662610054016, 0.4536955952644348, 0.5251930356025696,
    0.43876469135284424, 0.4716733694076538, 0.4264422655105591,
    0.40492185950279236, 0.4092591106891632, 0.40695080161094666,
    0.38106316328048706, 0.4501107633113861, 0.423921138048172,
    0.3954177796840668, 0.45985710620880127, 0.446707546710968,
    0.481725811958313, 0.4620593786239624, 0.4799121916294098,
    0.4792037606239319, 0.4813311696052551, 0.4866402745246887,
    0.488707959651947, 0.4873705506324768, 0.49090835452079773
  ],
  "learning_rate": [
    0.0010000000474974513, 0.0010000000474974513, 0.0010000000474974513,
    0.0010000000474974513, 0.0010000000474974513, 0.0010000000474974513,
    0.0010000000474974513, 0.0010000000474974513, 0.0010000000474974513,
    0.0010000000474974513, 0.0010000000474974513, 0.0010000000474974513,
    0.0010000000474974513, 0.0010000000474974513, 0.0010000000474974513,
    0.0005000000237487257, 0.0005000000237487257, 0.0005000000237487257,
    0.0002500000118743628, 0.0002500000118743628, 0.0001250000059371814,
    0.0001250000059371814, 6.25000029685907e-5, 6.25000029685907e-5,
    3.125000148429535e-5, 3.125000148429535e-5, 1.5625000742147677e-5,
    1.5625000742147677e-5, 7.812500371073838e-6, 7.812500371073838e-6
  ]
}
